Gästeübernachtungen (absolut und pro 1.000 EinwohnerInnen) seit 2002 - Bezirke Wien | Overnight stays (absolute and per 1,000 inhabitants) since 2002 - districts of Vienna;;;;;;;;;;;;;;
NUTS;DISTRICT_CODE;SUB_DISTRICT_CODE;REF_YEAR;REF_DATE;TOU_VALUE;TOU_DENSITY;POP_AVE;;;;;;;
AT13;90000;90000;2002;20021231; 7.655.391 ; 4.836,48 ; 1.582.844 ;;;;;;;
AT13;90100;90100;2002;20021231; 1.525.278 ; 86.662,91 ; 17.600 ;;;;;;;
AT13;90200;90200;2002;20021231; 654.979 ; 7.317,55 ; 89.508 ;;;;;;;
AT13;90300;90300;2002;20021231; 781.717 ; 9.498,53 ; 82.299 ;;;;;;;
AT13;90400;90400;2002;20021231; 315.284 ; 10.789,96 ; 29.220 ;;;;;;;
AT13;90500;90500;2002;20021231; 374.348 ; 7.460,55 ; 50.177 ;;;;;;;
AT13;90600;90600;2002;20021231; 539.628 ; 18.787,48 ; 28.723 ;;;;;;;
AT13;90700;90700;2002;20021231; 576.522 ; 19.911,31 ; 28.955 ;;;;;;;
AT13;90800;90800;2002;20021231; 229.062 ; 10.091,89 ; 22.698 ;;;;;;;
AT13;90900;90900;2002;20021231; 407.432 ; 10.661,57 ; 38.215 ;;;;;;;
AT13;91000;91000;2002;20021231; 396.542 ; 2.563,33 ; 154.698 ;;;;;;;
AT13;91100;91100;2002;20021231; 18.871 ; 236,42 ; 79.820 ;;;;;;;
AT13;91200;91200;2002;20021231; 131.555 ; 1.651,23 ; 79.671 ;;;;;;;
AT13;91300;91300;2002;20021231; 268.385 ; 5.312,35 ; 50.521 ;;;;;;;
AT13;91400;91400;2002;20021231; 257.757 ; 3.237,47 ; 79.617 ;;;;;;;
AT13;91500;91500;2002;20021231; 397.269 ; 5.860,42 ; 67.789 ;;;;;;;
AT13;91600;91600;2002;20021231; 91.243 ; 1.028,51 ; 88.714 ;;;;;;;
AT13;91700;91700;2002;20021231; 105.788 ; 2.153,70 ; 49.119 ;;;;;;;
AT13;91800;91800;2002;20021231; 34.025 ; 743,65 ; 45.754 ;;;;;;;
AT13;91900;91900;2002;20021231; 105.050 ; 1.596,62 ; 65.795 ;;;;;;;
AT13;92000;92000;2002;20021231; 109.371 ; 1.407,44 ; 77.709 ;;;;;;;
AT13;92100;92100;2002;20021231; 29.812 ; 227,94 ; 130.790 ;;;;;;;
AT13;92200;92200;2002;20021231; 260.768 ; 1.872,42 ; 139.268 ;;;;;;;
AT13;92300;92300;2002;20021231; 44.705 ; 518,70 ; 86.186 ;;;;;;;
AT13;90000;90000;2003;20031231; 7.955.076 ; 4.969,18 ; 1.600.884 ;;;;;;;
AT13;90100;90100;2003;20031231; 1.606.699 ; 92.129,22 ; 17.440 ;;;;;;;
AT13;90200;90200;2003;20031231; 728.437 ; 8.063,38 ; 90.339 ;;;;;;;
AT13;90300;90300;2003;20031231; 688.968 ; 8.353,41 ; 82.478 ;;;;;;;
AT13;90400;90400;2003;20031231; 350.645 ; 11.942,24 ; 29.362 ;;;;;;;
AT13;90500;90500;2003;20031231; 380.173 ; 7.500,57 ; 50.686 ;;;;;;;
AT13;90600;90600;2003;20031231; 558.345 ; 19.380,59 ; 28.810 ;;;;;;;
AT13;90700;90700;2003;20031231; 612.561 ; 21.123,70 ; 28.999 ;;;;;;;
AT13;90800;90800;2003;20031231; 230.970 ; 9.922,51 ; 23.277 ;;;;;;;
AT13;90900;90900;2003;20031231; 419.395 ; 10.885,07 ; 38.529 ;;;;;;;
AT13;91000;91000;2003;20031231; 357.848 ; 2.270,66 ; 157.597 ;;;;;;;
AT13;91100;91100;2003;20031231; 18.867 ; 232,78 ; 81.051 ;;;;;;;
AT13;91200;91200;2003;20031231; 159.935 ; 1.970,36 ; 81.171 ;;;;;;;
AT13;91300;91300;2003;20031231; 269.681 ; 5.303,40 ; 50.851 ;;;;;;;
AT13;91400;91400;2003;20031231; 276.306 ; 3.444,23 ; 80.223 ;;;;;;;
AT13;91500;91500;2003;20031231; 458.852 ; 6.722,52 ; 68.256 ;;;;;;;
AT13;91600;91600;2003;20031231; 94.861 ; 1.060,80 ; 89.424 ;;;;;;;
AT13;91700;91700;2003;20031231; 109.983 ; 2.209,54 ; 49.777 ;;;;;;;
AT13;91800;91800;2003;20031231; 42.656 ; 925,21 ; 46.104 ;;;;;;;
AT13;91900;91900;2003;20031231; 99.886 ; 1.508,49 ; 66.216 ;;;;;;;
AT13;92000;92000;2003;20031231; 103.782 ; 1.311,15 ; 79.153 ;;;;;;;
AT13;92100;92100;2003;20031231; 29.207 ; 219,74 ; 132.918 ;;;;;;;
AT13;92200;92200;2003;20031231; 297.378 ; 2.102,58 ; 141.435 ;;;;;;;
AT13;92300;92300;2003;20031231; 59.641 ; 687,18 ; 86.791 ;;;;;;;
AT13;90000;90000;2004;20041231; 8.429.398 ; 5.202,48 ; 1.620.266 ;;;;;;;
AT13;90100;90100;2004;20041231; 1.667.442 ; 96.457,81 ; 17.287 ;;;;;;;
AT13;90200;90200;2004;20041231; 737.396 ; 8.098,01 ; 91.059 ;;;;;;;
AT13;90300;90300;2004;20041231; 854.905 ; 10.241,20 ; 83.477 ;;;;;;;
AT13;90400;90400;2004;20041231; 382.723 ; 12.991,66 ; 29.459 ;;;;;;;
AT13;90500;90500;2004;20041231; 429.845 ; 8.364,74 ; 51.388 ;;;;;;;
AT13;90600;90600;2004;20041231; 569.490 ; 19.686,55 ; 28.928 ;;;;;;;
AT13;90700;90700;2004;20041231; 674.298 ; 23.291,51 ; 28.950 ;;;;;;;
AT13;90800;90800;2004;20041231; 242.739 ; 10.364,77 ; 23.420 ;;;;;;;
AT13;90900;90900;2004;20041231; 455.142 ; 11.609,91 ; 39.203 ;;;;;;;
AT13;91000;91000;2004;20041231; 366.332 ; 2.272,62 ; 161.194 ;;;;;;;
AT13;91100;91100;2004;20041231; 20.743 ; 253,44 ; 81.845 ;;;;;;;
AT13;91200;91200;2004;20041231; 137.926 ; 1.668,94 ; 82.643 ;;;;;;;
AT13;91300;91300;2004;20041231; 300.119 ; 5.869,95 ; 51.128 ;;;;;;;
AT13;91400;91400;2004;20041231; 264.888 ; 3.268,52 ; 81.042 ;;;;;;;
AT13;91500;91500;2004;20041231; 442.335 ; 6.418,52 ; 68.915 ;;;;;;;
AT13;91600;91600;2004;20041231; 110.315 ; 1.215,70 ; 90.742 ;;;;;;;
AT13;91700;91700;2004;20041231; 83.339 ; 1.638,74 ; 50.856 ;;;;;;;
AT13;91800;91800;2004;20041231; 49.536 ; 1.064,48 ; 46.535 ;;;;;;;
AT13;91900;91900;2004;20041231; 121.792 ; 1.828,48 ; 66.608 ;;;;;;;
AT13;92000;92000;2004;20041231; 108.342 ; 1.351,33 ; 80.174 ;;;;;;;
AT13;92100;92100;2004;20041231; 29.070 ; 216,41 ; 134.329 ;;;;;;;
AT13;92200;92200;2004;20041231; 304.324 ; 2.116,55 ; 143.783 ;;;;;;;
AT13;92300;92300;2004;20041231; 76.357 ; 874,64 ; 87.301 ;;;;;;;
AT13;90000;90000;2005;20051231; 8.768.660 ; 5.341,38 ; 1.641.646 ;;;;;;;
AT13;90100;90100;2005;20051231; 1.721.430 ; 99.757,62 ; 17.256 ;;;;;;;
AT13;90200;90200;2005;20051231; 739.697 ; 8.074,15 ; 91.613 ;;;;;;;
AT13;90300;90300;2005;20051231; 1.089.542 ; 12.966,98 ; 84.024 ;;;;;;;
AT13;90400;90400;2005;20051231; 412.280 ; 13.832,17 ; 29.806 ;;;;;;;
AT13;90500;90500;2005;20051231; 431.371 ; 8.255,11 ; 52.255 ;;;;;;;
AT13;90600;90600;2005;20051231; 555.146 ; 19.009,81 ; 29.203 ;;;;;;;
AT13;90700;90700;2005;20051231; 673.904 ; 22.737,93 ; 29.638 ;;;;;;;
AT13;90800;90800;2005;20051231; 258.919 ; 11.021,64 ; 23.492 ;;;;;;;
AT13;90900;90900;2005;20051231; 453.727 ; 11.537,95 ; 39.325 ;;;;;;;
AT13;91000;91000;2005;20051231; 424.007 ; 2.562,66 ; 165.456 ;;;;;;;
AT13;91100;91100;2005;20051231; 19.069 ; 230,76 ; 82.637 ;;;;;;;
AT13;91200;91200;2005;20051231; 144.703 ; 1.724,92 ; 83.890 ;;;;;;;
AT13;91300;91300;2005;20051231; 282.352 ; 5.509,17 ; 51.251 ;;;;;;;
AT13;91400;91400;2005;20051231; 277.247 ; 3.373,07 ; 82.194 ;;;;;;;
AT13;91500;91500;2005;20051231; 430.567 ; 6.150,08 ; 70.010 ;;;;;;;
AT13;91600;91600;2005;20051231; 105.387 ; 1.133,32 ; 92.990 ;;;;;;;
AT13;91700;91700;2005;20051231; 71.722 ; 1.383,53 ; 51.840 ;;;;;;;
AT13;91800;91800;2005;20051231; 44.985 ; 957,54 ; 46.980 ;;;;;;;
AT13;91900;91900;2005;20051231; 125.783 ; 1.875,18 ; 67.078 ;;;;;;;
AT13;92000;92000;2005;20051231; 107.150 ; 1.322,84 ; 81.000 ;;;;;;;
AT13;92100;92100;2005;20051231; 30.310 ; 223,50 ; 135.618 ;;;;;;;
AT13;92200;92200;2005;20051231; 294.680 ; 2.020,44 ; 145.849 ;;;;;;;
AT13;92300;92300;2005;20051231; 74.682 ; 846,33 ; 88.242 ;;;;;;;
AT13;90000;90000;2006;20061231; 9.356.044 ; 5.647,69 ; 1.656.615 ;;;;;;;
AT13;90100;90100;2006;20061231; 1.842.739 ; 106.845,58 ; 17.247 ;;;;;;;
AT13;90200;90200;2006;20061231; 874.211 ; 9.383,89 ; 93.161 ;;;;;;;
AT13;90300;90300;2006;20061231; 1.087.388 ; 12.942,76 ; 84.015 ;;;;;;;
AT13;90400;90400;2006;20061231; 424.922 ; 14.096,11 ; 30.145 ;;;;;;;
AT13;90500;90500;2006;20061231; 446.143 ; 8.520,03 ; 52.364 ;;;;;;;
AT13;90600;90600;2006;20061231; 562.058 ; 19.114,86 ; 29.404 ;;;;;;;
AT13;90700;90700;2006;20061231; 657.100 ; 21.991,02 ; 29.880 ;;;;;;;
AT13;90800;90800;2006;20061231; 298.002 ; 12.602,51 ; 23.646 ;;;;;;;
AT13;90900;90900;2006;20061231; 474.296 ; 12.110,12 ; 39.165 ;;;;;;;
AT13;91000;91000;2006;20061231; 525.602 ; 3.120,96 ; 168.410 ;;;;;;;
AT13;91100;91100;2006;20061231; 18.717 ; 226,40 ; 82.671 ;;;;;;;
AT13;91200;91200;2006;20061231; 197.273 ; 2.334,04 ; 84.520 ;;;;;;;
AT13;91300;91300;2006;20061231; 284.964 ; 5.554,20 ; 51.306 ;;;;;;;
AT13;91400;91400;2006;20061231; 310.759 ; 3.742,48 ; 83.036 ;;;;;;;
AT13;91500;91500;2006;20061231; 459.588 ; 6.541,68 ; 70.255 ;;;;;;;
AT13;91600;91600;2006;20061231; 102.117 ; 1.087,02 ; 93.943 ;;;;;;;
AT13;91700;91700;2006;20061231; 86.999 ; 1.654,51 ; 52.583 ;;;;;;;
AT13;91800;91800;2006;20061231; 43.745 ; 926,13 ; 47.234 ;;;;;;;
AT13;91900;91900;2006;20061231; 140.786 ; 2.082,74 ; 67.596 ;;;;;;;
AT13;92000;92000;2006;20061231; 106.179 ; 1.304,92 ; 81.368 ;;;;;;;
AT13;92100;92100;2006;20061231; 28.471 ; 207,80 ; 137.011 ;;;;;;;
AT13;92200;92200;2006;20061231; 294.690 ; 1.992,84 ; 147.875 ;;;;;;;
AT13;92300;92300;2006;20061231; 89.295 ; 994,60 ; 89.780 ;;;;;;;
AT13;90000;90000;2007;20071231; 9.675.208 ; 5.809,36 ; 1.665.452 ;;;;;;;
AT13;90100;90100;2007;20071231; 1.886.813 ; 110.898,49 ; 17.014 ;;;;;;;
AT13;90200;90200;2007;20071231; 933.578 ; 10.009,68 ; 93.268 ;;;;;;;
AT13;90300;90300;2007;20071231; 1.090.125 ; 13.076,08 ; 83.368 ;;;;;;;
AT13;90400;90400;2007;20071231; 419.082 ; 13.892,70 ; 30.166 ;;;;;;;
AT13;90500;90500;2007;20071231; 438.727 ; 8.387,98 ; 52.304 ;;;;;;;
AT13;90600;90600;2007;20071231; 587.184 ; 19.943,50 ; 29.442 ;;;;;;;
AT13;90700;90700;2007;20071231; 681.896 ; 22.810,75 ; 29.894 ;;;;;;;
AT13;90800;90800;2007;20071231; 310.648 ; 13.175,05 ; 23.579 ;;;;;;;
AT13;90900;90900;2007;20071231; 482.822 ; 12.302,37 ; 39.246 ;;;;;;;
AT13;91000;91000;2007;20071231; 535.323 ; 3.141,12 ; 170.424 ;;;;;;;
AT13;91100;91100;2007;20071231; 19.829 ; 235,18 ; 84.316 ;;;;;;;
AT13;91200;91200;2007;20071231; 222.366 ; 2.607,65 ; 85.274 ;;;;;;;
AT13;91300;91300;2007;20071231; 277.372 ; 5.418,04 ; 51.194 ;;;;;;;
AT13;91400;91400;2007;20071231; 298.206 ; 3.566,34 ; 83.617 ;;;;;;;
AT13;91500;91500;2007;20071231; 515.402 ; 7.334,03 ; 70.275 ;;;;;;;
AT13;91600;91600;2007;20071231; 97.294 ; 1.034,45 ; 94.054 ;;;;;;;
AT13;91700;91700;2007;20071231; 118.150 ; 2.252,57 ; 52.451 ;;;;;;;
AT13;91800;91800;2007;20071231; 47.046 ; 994,09 ; 47.326 ;;;;;;;
AT13;91900;91900;2007;20071231; 159.744 ; 2.354,45 ; 67.848 ;;;;;;;
AT13;92000;92000;2007;20071231; 112.315 ; 1.375,04 ; 81.681 ;;;;;;;
AT13;92100;92100;2007;20071231; 32.534 ; 235,69 ; 138.035 ;;;;;;;
AT13;92200;92200;2007;20071231; 339.810 ; 2.265,12 ; 150.019 ;;;;;;;
AT13;92300;92300;2007;20071231; 68.942 ; 760,46 ; 90.659 ;;;;;;;
AT13;90000;90000;2008;20081231; 10.232.472 ; 6.109,14 ; 1.674.944 ;;;;;;;
AT13;90100;90100;2008;20081231; 1.824.962 ; 108.626,27 ; 16.800 ;;;;;;;
AT13;90200;90200;2008;20081231; 1.025.951 ; 10.989,15 ; 93.360 ;;;;;;;
AT13;90300;90300;2008;20081231; 1.132.139 ; 13.651,35 ; 82.932 ;;;;;;;
AT13;90400;90400;2008;20081231; 426.300 ; 14.060,72 ; 30.319 ;;;;;;;
AT13;90500;90500;2008;20081231; 419.127 ; 8.018,85 ; 52.268 ;;;;;;;
AT13;90600;90600;2008;20081231; 627.733 ; 21.448,40 ; 29.267 ;;;;;;;
AT13;90700;90700;2008;20081231; 698.355 ; 23.316,00 ; 29.952 ;;;;;;;
AT13;90800;90800;2008;20081231; 320.165 ; 13.560,57 ; 23.610 ;;;;;;;
AT13;90900;90900;2008;20081231; 499.049 ; 12.711,99 ; 39.258 ;;;;;;;
AT13;91000;91000;2008;20081231; 650.482 ; 3.776,43 ; 172.248 ;;;;;;;
AT13;91100;91100;2008;20081231; 82.768 ; 951,16 ; 87.018 ;;;;;;;
AT13;91200;91200;2008;20081231; 228.017 ; 2.636,29 ; 86.492 ;;;;;;;
AT13;91300;91300;2008;20081231; 264.889 ; 5.194,51 ; 50.994 ;;;;;;;
AT13;91400;91400;2008;20081231; 290.188 ; 3.459,73 ; 83.876 ;;;;;;;
AT13;91500;91500;2008;20081231; 570.989 ; 8.111,78 ; 70.390 ;;;;;;;
AT13;91600;91600;2008;20081231; 106.343 ; 1.128,58 ; 94.227 ;;;;;;;
AT13;91700;91700;2008;20081231; 208.806 ; 3.998,11 ; 52.226 ;;;;;;;
AT13;91800;91800;2008;20081231; 42.181 ; 888,21 ; 47.490 ;;;;;;;
AT13;91900;91900;2008;20081231; 173.677 ; 2.557,91 ; 67.898 ;;;;;;;
AT13;92000;92000;2008;20081231; 116.093 ; 1.420,73 ; 81.714 ;;;;;;;
AT13;92100;92100;2008;20081231; 34.233 ; 246,15 ; 139.075 ;;;;;;;
AT13;92200;92200;2008;20081231; 416.284 ; 2.736,97 ; 152.097 ;;;;;;;
AT13;92300;92300;2008;20081231; 73.741 ; 806,49 ; 91.434 ;;;;;;;
AT13;90000;90000;2009;20091231; 9.842.827 ; 5.843,88 ; 1.684.298 ;;;;;;;
AT13;90100;90100;2009;20091231; 1.774.470 ; 107.166,93 ; 16.558 ;;;;;;;
AT13;90200;90200;2009;20091231; 1.016.966 ; 10.799,90 ; 94.164 ;;;;;;;
AT13;90300;90300;2009;20091231; 1.084.001 ; 13.079,00 ; 82.881 ;;;;;;;
AT13;90400;90400;2009;20091231; 400.129 ; 13.198,23 ; 30.317 ;;;;;;;
AT13;90500;90500;2009;20091231; 311.030 ; 5.948,00 ; 52.292 ;;;;;;;
AT13;90600;90600;2009;20091231; 570.565 ; 19.547,76 ; 29.188 ;;;;;;;
AT13;90700;90700;2009;20091231; 651.923 ; 21.777,32 ; 29.936 ;;;;;;;
AT13;90800;90800;2009;20091231; 316.073 ; 13.386,54 ; 23.611 ;;;;;;;
AT13;90900;90900;2009;20091231; 443.443 ; 11.302,70 ; 39.233 ;;;;;;;
AT13;91000;91000;2009;20091231; 633.758 ; 3.644,21 ; 173.908 ;;;;;;;
AT13;91100;91100;2009;20091231; 90.817 ; 1.022,80 ; 88.793 ;;;;;;;
AT13;91200;91200;2009;20091231; 211.988 ; 2.428,19 ; 87.303 ;;;;;;;
AT13;91300;91300;2009;20091231; 231.216 ; 4.534,18 ; 50.994 ;;;;;;;
AT13;91400;91400;2009;20091231; 236.046 ; 2.809,14 ; 84.028 ;;;;;;;
AT13;91500;91500;2009;20091231; 639.654 ; 9.052,95 ; 70.657 ;;;;;;;
AT13;91600;91600;2009;20091231; 150.384 ; 1.587,32 ; 94.741 ;;;;;;;
AT13;91700;91700;2009;20091231; 272.603 ; 5.208,40 ; 52.339 ;;;;;;;
AT13;91800;91800;2009;20091231; 38.436 ; 807,01 ; 47.628 ;;;;;;;
AT13;91900;91900;2009;20091231; 151.899 ; 2.242,95 ; 67.723 ;;;;;;;
AT13;92000;92000;2009;20091231; 96.509 ; 1.176,79 ; 82.010 ;;;;;;;
AT13;92100;92100;2009;20091231; 27.038 ; 193,10 ; 140.017 ;;;;;;;
AT13;92200;92200;2009;20091231; 424.248 ; 2.752,33 ; 154.142 ;;;;;;;
AT13;92300;92300;2009;20091231; 69.631 ; 758,22 ; 91.835 ;;;;;;;
AT13;90000;90000;2010;20101231; 10.860.126 ; 6.404,96 ; 1.695.580 ;;;;;;;
AT13;90100;90100;2010;20101231; 1.978.827 ; 120.494,87 ; 16.423 ;;;;;;;
AT13;90200;90200;2010;20101231; 1.150.389 ; 12.112,21 ; 94.978 ;;;;;;;
AT13;90300;90300;2010;20101231; 1.180.504 ; 14.140,57 ; 83.484 ;;;;;;;
AT13;90400;90400;2010;20101231; 466.373 ; 15.335,29 ; 30.412 ;;;;;;;
AT13;90500;90500;2010;20101231; 415.383 ; 7.905,94 ; 52.541 ;;;;;;;
AT13;90600;90600;2010;20101231; 649.583 ; 22.176,97 ; 29.291 ;;;;;;;
AT13;90700;90700;2010;20101231; 726.925 ; 24.206,12 ; 30.031 ;;;;;;;
AT13;90800;90800;2010;20101231; 342.492 ; 14.714,70 ; 23.276 ;;;;;;;
AT13;90900;90900;2010;20101231; 454.750 ; 11.561,94 ; 39.332 ;;;;;;;
AT13;91000;91000;2010;20101231; 712.827 ; 4.062,11 ; 175.482 ;;;;;;;
AT13;91100;91100;2010;20101231; 102.777 ; 1.143,65 ; 89.868 ;;;;;;;
AT13;91200;91200;2010;20101231; 225.813 ; 2.571,01 ; 87.831 ;;;;;;;
AT13;91300;91300;2010;20101231; 140.465 ; 2.756,87 ; 50.951 ;;;;;;;
AT13;91400;91400;2010;20101231; 217.106 ; 2.573,92 ; 84.349 ;;;;;;;
AT13;91500;91500;2010;20101231; 723.053 ; 10.157,33 ; 71.185 ;;;;;;;
AT13;91600;91600;2010;20101231; 163.770 ; 1.727,59 ; 94.797 ;;;;;;;
AT13;91700;91700;2010;20101231; 298.081 ; 5.699,10 ; 52.303 ;;;;;;;
AT13;91800;91800;2010;20101231; 38.212 ; 803,01 ; 47.586 ;;;;;;;
AT13;91900;91900;2010;20101231; 153.781 ; 2.265,57 ; 67.878 ;;;;;;;
AT13;92000;92000;2010;20101231; 105.453 ; 1.277,69 ; 82.534 ;;;;;;;
AT13;92100;92100;2010;20101231; 29.955 ; 211,73 ; 141.476 ;;;;;;;
AT13;92200;92200;2010;20101231; 512.065 ; 3.268,67 ; 156.659 ;;;;;;;
AT13;92300;92300;2010;20101231; 71.542 ; 769,94 ; 92.919 ;;;;;;;
AT13;90000;90000;2011;20111231; 11.405.048 ; 6.675,03 ; 1.708.615 ;;;;;;;
AT13;90100;90100;2011;20111231; 2.047.280 ; 124.859,84 ; 16.397 ;;;;;;;
AT13;90200;90200;2011;20111231; 1.302.447 ; 13.616,23 ; 95.654 ;;;;;;;
AT13;90300;90300;2011;20111231; 1.178.340 ; 14.006,83 ; 84.126 ;;;;;;;
AT13;90400;90400;2011;20111231; 583.575 ; 19.085,03 ; 30.578 ;;;;;;;
AT13;90500;90500;2011;20111231; 392.326 ; 7.454,31 ; 52.631 ;;;;;;;
AT13;90600;90600;2011;20111231; 632.651 ; 21.590,89 ; 29.302 ;;;;;;;
AT13;90700;90700;2011;20111231; 763.228 ; 25.421,13 ; 30.023 ;;;;;;;
AT13;90800;90800;2011;20111231; 383.484 ; 16.360,15 ; 23.440 ;;;;;;;
AT13;90900;90900;2011;20111231; 454.227 ; 11.574,21 ; 39.245 ;;;;;;;
AT13;91000;91000;2011;20111231; 737.000 ; 4.152,86 ; 177.468 ;;;;;;;
AT13;91100;91100;2011;20111231; 109.124 ; 1.202,17 ; 90.772 ;;;;;;;
AT13;91200;91200;2011;20111231; 234.668 ; 2.655,92 ; 88.357 ;;;;;;;
AT13;91300;91300;2011;20111231; 140.898 ; 2.775,37 ; 50.767 ;;;;;;;
AT13;91400;91400;2011;20111231; 298.429 ; 3.521,08 ; 84.755 ;;;;;;;
AT13;91500;91500;2011;20111231; 684.508 ; 9.592,29 ; 71.360 ;;;;;;;
AT13;91600;91600;2011;20111231; 172.767 ; 1.812,66 ; 95.311 ;;;;;;;
AT13;91700;91700;2011;20111231; 323.966 ; 6.182,03 ; 52.405 ;;;;;;;
AT13;91800;91800;2011;20111231; 43.345 ; 912,08 ; 47.523 ;;;;;;;
AT13;91900;91900;2011;20111231; 159.221 ; 2.337,23 ; 68.124 ;;;;;;;
AT13;92000;92000;2011;20111231; 114.831 ; 1.381,45 ; 83.124 ;;;;;;;
AT13;92100;92100;2011;20111231; 36.821 ; 257,10 ; 143.214 ;;;;;;;
AT13;92200;92200;2011;20111231; 534.221 ; 3.339,90 ; 159.951 ;;;;;;;
AT13;92300;92300;2011;20111231; 77.691 ; 825,72 ; 94.089 ;;;;;;;
AT13;90000;90000;2012;20121231; 12.262.828 ; 7.099,29 ; 1.727.332 ;;;;;;;
AT13;90100;90100;2012;20121231; 2.137.689 ; 131.388,38 ; 16.270 ;;;;;;;
AT13;90200;90200;2012;20121231; 1.491.456 ; 15.456,42 ; 96.494 ;;;;;;;
AT13;90300;90300;2012;20121231; 1.328.440 ; 15.607,36 ; 85.116 ;;;;;;;
AT13;90400;90400;2012;20121231; 604.494 ; 19.611,70 ; 30.823 ;;;;;;;
AT13;90500;90500;2012;20121231; 410.497 ; 7.788,02 ; 52.709 ;;;;;;;
AT13;90600;90600;2012;20121231; 581.200 ; 19.607,40 ; 29.642 ;;;;;;;
AT13;90700;90700;2012;20121231; 738.302 ; 24.475,86 ; 30.165 ;;;;;;;
AT13;90800;90800;2012;20121231; 426.356 ; 18.060,77 ; 23.607 ;;;;;;;
AT13;90900;90900;2012;20121231; 452.029 ; 11.419,31 ; 39.585 ;;;;;;;
AT13;91000;91000;2012;20121231; 766.900 ; 4.245,03 ; 180.658 ;;;;;;;
AT13;91100;91100;2012;20121231; 133.917 ; 1.458,19 ; 91.838 ;;;;;;;
AT13;91200;91200;2012;20121231; 249.933 ; 2.809,64 ; 88.956 ;;;;;;;
AT13;91300;91300;2012;20121231; 243.744 ; 4.804,72 ; 50.730 ;;;;;;;
AT13;91400;91400;2012;20121231; 392.250 ; 4.592,74 ; 85.407 ;;;;;;;
AT13;91500;91500;2012;20121231; 869.802 ; 11.991,93 ; 72.532 ;;;;;;;
AT13;91600;91600;2012;20121231; 152.243 ; 1.579,23 ; 96.403 ;;;;;;;
AT13;91700;91700;2012;20121231; 345.243 ; 6.533,59 ; 52.841 ;;;;;;;
AT13;91800;91800;2012;20121231; 7.419 ; 154,94 ; 47.884 ;;;;;;;
AT13;91900;91900;2012;20121231; 144.047 ; 2.101,66 ; 68.540 ;;;;;;;
AT13;92000;92000;2012;20121231; 110.105 ; 1.319,29 ; 83.458 ;;;;;;;
AT13;92100;92100;2012;20121231; 55.559 ; 382,38 ; 145.297 ;;;;;;;
AT13;92200;92200;2012;20121231; 551.287 ; 3.368,39 ; 163.665 ;;;;;;;
AT13;92300;92300;2012;20121231; 69.916 ; 738,19 ; 94.713 ;;;;;;;
AT13;90000;90000;2013;20131231; 12.719.289 ; 7.253,25 ; 1.753.598 ;;;;;;;
AT13;90100;90100;2013;20131231; 2.193.825 ; 135.623,27 ; 16.176 ;;;;;;;
AT13;90200;90200;2013;20131231; 1.511.506 ; 15.426,50 ; 97.981 ;;;;;;;
AT13;90300;90300;2013;20131231; 1.334.574 ; 15.528,82 ; 85.942 ;;;;;;;
AT13;90400;90400;2013;20131231; 599.639 ; 19.241,63 ; 31.164 ;;;;;;;
AT13;90500;90500;2013;20131231; 436.568 ; 8.177,67 ; 53.385 ;;;;;;;
AT13;90600;90600;2013;20131231; 650.169 ; 21.390,48 ; 30.395 ;;;;;;;
AT13;90700;90700;2013;20131231; 837.124 ; 27.350,18 ; 30.608 ;;;;;;;
AT13;90800;90800;2013;20131231; 413.065 ; 17.157,16 ; 24.075 ;;;;;;;
AT13;90900;90900;2013;20131231; 429.091 ; 10.675,57 ; 40.194 ;;;;;;;
AT13;91000;91000;2013;20131231; 902.687 ; 4.888,59 ; 184.652 ;;;;;;;
AT13;91100;91100;2013;20131231; 203.920 ; 2.200,34 ; 92.677 ;;;;;;;
AT13;91200;91200;2013;20131231; 250.187 ; 2.773,91 ; 90.193 ;;;;;;;
AT13;91300;91300;2013;20131231; 238.021 ; 4.661,85 ; 51.057 ;;;;;;;
AT13;91400;91400;2013;20131231; 386.574 ; 4.449,32 ; 86.884 ;;;;;;;
AT13;91500;91500;2013;20131231; 920.569 ; 12.415,00 ; 74.150 ;;;;;;;
AT13;91600;91600;2013;20131231; 145.210 ; 1.476,72 ; 98.333 ;;;;;;;
AT13;91700;91700;2013;20131231; 332.870 ; 6.167,99 ; 53.967 ;;;;;;;
AT13;91800;91800;2013;20131231; 38.995 ; 808,76 ; 48.216 ;;;;;;;
AT13;91900;91900;2013;20131231; 115.137 ; 1.666,44 ; 69.092 ;;;;;;;
AT13;92000;92000;2013;20131231; 123.474 ; 1.467,08 ; 84.163 ;;;;;;;
AT13;92100;92100;2013;20131231; 49.581 ; 335,58 ; 147.748 ;;;;;;;
AT13;92200;92200;2013;20131231; 546.056 ; 3.271,84 ; 166.896 ;;;;;;;
AT13;92300;92300;2013;20131231; 60.447 ; 631,95 ; 95.651 ;;;;;;;
AT13;90000;90000;2014;20141231; 13.524.266 ; 7.593,42 ; 1.781.051 ;;;;;;;
AT13;90100;90100;2014;20141231; 2.201.172 ; 135.837,08 ; 16.205 ;;;;;;;
AT13;90200;90200;2014;20141231; 1.689.960 ; 16.772,69 ; 100.757 ;;;;;;;
AT13;90300;90300;2014;20141231; 1.441.047 ; 16.500,20 ; 87.335 ;;;;;;;
AT13;90400;90400;2014;20141231; 645.860 ; 20.465,24 ; 31.559 ;;;;;;;
AT13;90500;90500;2014;20141231; 518.956 ; 9.629,87 ; 53.890 ;;;;;;;
AT13;90600;90600;2014;20141231; 652.690 ; 21.193,56 ; 30.797 ;;;;;;;
AT13;90700;90700;2014;20141231; 869.363 ; 28.031,87 ; 31.013 ;;;;;;;
AT13;90800;90800;2014;20141231; 434.365 ; 17.792,82 ; 24.412 ;;;;;;;
AT13;90900;90900;2014;20141231; 443.156 ; 10.904,83 ; 40.639 ;;;;;;;
AT13;91000;91000;2014;20141231; 971.709 ; 5.178,91 ; 187.628 ;;;;;;;
AT13;91100;91100;2014;20141231; 243.917 ; 2.588,45 ; 94.233 ;;;;;;;
AT13;91200;91200;2014;20141231; 253.883 ; 2.772,73 ; 91.564 ;;;;;;;
AT13;91300;91300;2014;20141231; 265.369 ; 5.130,43 ; 51.725 ;;;;;;;
AT13;91400;91400;2014;20141231; 405.218 ; 4.577,11 ; 88.532 ;;;;;;;
AT13;91500;91500;2014;20141231; 927.511 ; 12.258,43 ; 75.663 ;;;;;;;
AT13;91600;91600;2014;20141231; 167.978 ; 1.677,97 ; 100.108 ;;;;;;;
AT13;91700;91700;2014;20141231; 333.381 ; 6.056,16 ; 55.048 ;;;;;;;
AT13;91800;91800;2014;20141231; 46.507 ; 954,15 ; 48.742 ;;;;;;;
AT13;91900;91900;2014;20141231; 159.846 ; 2.297,10 ; 69.586 ;;;;;;;
AT13;92000;92000;2014;20141231; 131.994 ; 1.556,04 ; 84.827 ;;;;;;;
AT13;92100;92100;2014;20141231; 46.146 ; 307,18 ; 150.223 ;;;;;;;
AT13;92200;92200;2014;20141231; 608.947 ; 3.578,69 ; 170.159 ;;;;;;;
AT13;92300;92300;2014;20141231; 65.291 ; 677,24 ; 96.408 ;;;;;;;
AT13;90000;90000;2015;20151231; 14.328.261 ; 7.897,69 ; 1.814.235 ;;;;;;;
AT13;90100;90100;2015;20151231; 2.467.265 ; 151.134,15 ; 16.325 ;;;;;;;
AT13;90200;90200;2015;20151231; 1.774.685 ; 17.393,52 ; 102.031 ;;;;;;;
AT13;90300;90300;2015;20151231; 1.541.620 ; 17.404,46 ; 88.576 ;;;;;;;
AT13;90400;90400;2015;20151231; 662.802 ; 20.576,88 ; 32.211 ;;;;;;;
AT13;90500;90500;2015;20151231; 541.035 ; 9.926,02 ; 54.507 ;;;;;;;
AT13;90600;90600;2015;20151231; 678.936 ; 21.729,78 ; 31.245 ;;;;;;;
AT13;90700;90700;2015;20151231; 904.399 ; 28.649,57 ; 31.568 ;;;;;;;
AT13;90800;90800;2015;20151231; 483.688 ; 19.607,12 ; 24.669 ;;;;;;;
AT13;90900;90900;2015;20151231; 454.027 ; 11.024,92 ; 41.182 ;;;;;;;
AT13;91000;91000;2015;20151231; 1.162.143 ; 6.054,43 ; 191.949 ;;;;;;;
AT13;91100;91100;2015;20151231; 235.048 ; 2.438,84 ; 96.377 ;;;;;;;
AT13;91200;91200;2015;20151231; 219.209 ; 2.355,85 ; 93.049 ;;;;;;;
AT13;91300;91300;2015;20151231; 275.706 ; 5.252,49 ; 52.491 ;;;;;;;
AT13;91400;91400;2015;20151231; 463.358 ; 5.147,49 ; 90.016 ;;;;;;;
AT13;91500;91500;2015;20151231; 896.411 ; 11.635,15 ; 77.043 ;;;;;;;
AT13;91600;91600;2015;20151231; 164.040 ; 1.616,88 ; 101.455 ;;;;;;;
AT13;91700;91700;2015;20151231; 336.399 ; 6.006,20 ; 56.009 ;;;;;;;
AT13;91800;91800;2015;20151231; 57.051 ; 1.151,66 ; 49.538 ;;;;;;;
AT13;91900;91900;2015;20151231; 169.506 ; 2.405,52 ; 70.466 ;;;;;;;
AT13;92000;92000;2015;20151231; 132.855 ; 1.552,99 ; 85.548 ;;;;;;;
AT13;92100;92100;2015;20151231; 40.623 ; 264,23 ; 153.744 ;;;;;;;
AT13;92200;92200;2015;20151231; 612.237 ; 3.462,96 ; 176.796 ;;;;;;;
AT13;92300;92300;2015;20151231; 55.218 ; 566,67 ; 97.442 ;;;;;;;
AT13;90000;90000;2016;20161231; 14.962.438 ; 8.074,04 ; 1.853.154 ;;;;;;;
AT13;90100;90100;2016;20161231; 2.566.709 ; 155.978,79 ; 16.456 ;;;;;;;
AT13;90200;90200;2016;20161231; 1.836.293 ; 17.619,14 ; 104.222 ;;;;;;;
AT13;90300;90300;2016;20161231; 1.617.513 ; 17.977,59 ; 89.974 ;;;;;;;
AT13;90400;90400;2016;20161231; 693.377 ; 21.088,59 ; 32.879 ;;;;;;;
AT13;90500;90500;2016;20161231; 559.828 ; 10.155,29 ; 55.127 ;;;;;;;
AT13;90600;90600;2016;20161231; 685.431 ; 21.680,31 ; 31.615 ;;;;;;;
AT13;90700;90700;2016;20161231; 1.061.004 ; 33.015,67 ; 32.136 ;;;;;;;
AT13;90800;90800;2016;20161231; 487.699 ; 19.309,46 ; 25.257 ;;;;;;;
AT13;90900;90900;2016;20161231; 397.787 ; 9.425,28 ; 42.204 ;;;;;;;
AT13;91000;91000;2016;20161231; 1.303.049 ; 6.622,07 ; 196.774 ;;;;;;;
AT13;91100;91100;2016;20161231; 271.649 ; 2.755,60 ; 98.581 ;;;;;;;
AT13;91200;91200;2016;20161231; 240.624 ; 2.532,06 ; 95.031 ;;;;;;;
AT13;91300;91300;2016;20161231; 273.863 ; 5.074,43 ; 53.969 ;;;;;;;
AT13;91400;91400;2016;20161231; 484.142 ; 5.267,90 ; 91.904 ;;;;;;;
AT13;91500;91500;2016;20161231; 913.893 ; 11.608,82 ; 78.724 ;;;;;;;
AT13;91600;91600;2016;20161231; 170.454 ; 1.646,02 ; 103.555 ;;;;;;;
AT13;91700;91700;2016;20161231; 348.659 ; 6.133,44 ; 56.846 ;;;;;;;
AT13;91800;91800;2016;20161231; 12.606 ; 249,60 ; 50.504 ;;;;;;;
AT13;91900;91900;2016;20161231; 194.260 ; 2.708,78 ; 71.715 ;;;;;;;
AT13;92000;92000;2016;20161231; 152.070 ; 1.758,38 ; 86.483 ;;;;;;;
AT13;92100;92100;2016;20161231; 43.154 ; 274,14 ; 157.416 ;;;;;;;
AT13;92200;92200;2016;20161231; 590.838 ; 3.245,89 ; 182.026 ;;;;;;;
AT13;92300;92300;2016;20161231; 57.536 ; 576,77 ; 99.756 ;;;;;;;
AT13;90000;90000;2017;20171231; 15.512.730 ; 8.261,51 ; 1.877.710 ;;;;;;;
AT13;90100;90100;2017;20171231; 2.762.168 ; 168.072,59 ; 16.434 ;;;;;;;
AT13;90200;90200;2017;20171231; 1.873.493 ; 17.818,46 ; 105.143 ;;;;;;;
AT13;90300;90300;2017;20171231; 1.634.872 ; 18.072,35 ; 90.463 ;;;;;;;
AT13;90400;90400;2017;20171231; 690.268 ; 20.827,59 ; 33.142 ;;;;;;;
AT13;90500;90500;2017;20171231; 550.493 ; 9.914,24 ; 55.526 ;;;;;;;
AT13;90600;90600;2017;20171231; 697.329 ; 21.833,32 ; 31.939 ;;;;;;;
AT13;90700;90700;2017;20171231; 1.100.966 ; 34.186,45 ; 32.205 ;;;;;;;
AT13;90800;90800;2017;20171231; 511.528 ; 20.014,59 ; 25.558 ;;;;;;;
AT13;90900;90900;2017;20171231; 430.539 ; 10.073,56 ; 42.740 ;;;;;;;
AT13;91000;91000;2017;20171231; 1.435.056 ; 7.180,47 ; 199.855 ;;;;;;;
AT13;91100;91100;2017;20171231; 264.766 ; 2.621,39 ; 101.002 ;;;;;;;
AT13;91200;91200;2017;20171231; 252.974 ; 2.615,22 ; 96.731 ;;;;;;;
AT13;91300;91300;2017;20171231; 299.628 ; 5.526,74 ; 54.214 ;;;;;;;
AT13;91400;91400;2017;20171231; 486.392 ; 5.255,64 ; 92.547 ;;;;;;;
AT13;91500;91500;2017;20171231; 950.086 ; 12.022,18 ; 79.028 ;;;;;;;
AT13;91600;91600;2017;20171231; 173.768 ; 1.663,35 ; 104.469 ;;;;;;;
AT13;91700;91700;2017;20171231; 316.324 ; 5.511,90 ; 57.389 ;;;;;;;
AT13;91800;91800;2017;20171231; 17.703 ; 344,79 ; 51.344 ;;;;;;;
AT13;91900;91900;2017;20171231; 180.193 ; 2.486,38 ; 72.472 ;;;;;;;
AT13;92000;92000;2017;20171231; 170.229 ; 1.954,51 ; 87.095 ;;;;;;;
AT13;92100;92100;2017;20171231; 40.600 ; 252,58 ; 160.740 ;;;;;;;
AT13;92200;92200;2017;20171231; 607.519 ; 3.274,41 ; 185.536 ;;;;;;;
AT13;92300;92300;2017;20171231; 65.836 ; 644,57 ; 102.139 ;;;;;;;
AT13;90000;90000;2018;20181231; 16.483.497 ; 8.711,55 ; 1.892.143 ;;;;;;;
AT13;90100;90100;2018;20181231; 2.976.413 ; 182.274,94 ; 16.329 ;;;;;;;
AT13;90200;90200;2018;20181231; 1.969.743 ; 18.703,30 ; 105.315 ;;;;;;;
AT13;90300;90300;2018;20181231; 1.763.715 ; 19.335,83 ; 91.215 ;;;;;;;
AT13;90400;90400;2018;20181231; 722.676 ; 21.718,12 ; 33.275 ;;;;;;;
AT13;90500;90500;2018;20181231; 570.965 ; 10.273,06 ; 55.579 ;;;;;;;
AT13;90600;90600;2018;20181231; 694.895 ; 21.729,30 ; 31.980 ;;;;;;;
AT13;90700;90700;2018;20181231; 1.167.041 ; 36.072,81 ; 32.352 ;;;;;;;
AT13;90800;90800;2018;20181231; 533.531 ; 20.940,85 ; 25.478 ;;;;;;;
AT13;90900;90900;2018;20181231; 513.992 ; 12.173,02 ; 42.224 ;;;;;;;
AT13;91000;91000;2018;20181231; 1.597.034 ; 7.858,10 ; 203.234 ;;;;;;;
AT13;91100;91100;2018;20181231; 287.723 ; 2.826,88 ; 101.781 ;;;;;;;
AT13;91200;91200;2018;20181231; 246.471 ; 2.525,87 ; 97.579 ;;;;;;;
AT13;91300;91300;2018;20181231; 322.279 ; 5.963,95 ; 54.038 ;;;;;;;
AT13;91400;91400;2018;20181231; 455.573 ; 4.911,81 ; 92.751 ;;;;;;;
AT13;91500;91500;2018;20181231; 918.589 ; 11.731,77 ; 78.299 ;;;;;;;
AT13;91600;91600;2018;20181231; 208.045 ; 1.995,16 ; 104.275 ;;;;;;;
AT13;91700;91700;2018;20181231; 316.621 ; 5.509,11 ; 57.472 ;;;;;;;
AT13;91800;91800;2018;20181231; 23.745 ; 459,59 ; 51.666 ;;;;;;;
AT13;91900;91900;2018;20181231; 197.719 ; 2.720,88 ; 72.667 ;;;;;;;
AT13;92000;92000;2018;20181231; 230.469 ; 2.654,23 ; 86.831 ;;;;;;;
AT13;92100;92100;2018;20181231; 49.494 ; 301,72 ; 164.039 ;;;;;;;
AT13;92200;92200;2018;20181231; 659.004 ; 3.489,96 ; 188.828 ;;;;;;;
AT13;92300;92300;2018;20181231; 57.760 ; 550,44 ; 104.935 ;;;;;;;
AT13;90000;90000;2019;20191231; 17.604.573 ; 9.249,76 ; 1.903.246 ;;;;;;;
AT13;90100;90100;2019;20191231; 3.119.868 ; 193.038,74 ; 16.162 ;;;;;;;
AT13;90200;90200;2019;20191231; 2.190.429 ; 20.814,50 ; 105.236 ;;;;;;;
AT13;90300;90300;2019;20191231; 1.759.510 ; 19.176,72 ; 91.752 ;;;;;;;
AT13;90400;90400;2019;20191231; 786.109 ; 23.691,45 ; 33.181 ;;;;;;;
AT13;90500;90500;2019;20191231; 610.601 ; 11.064,97 ; 55.183 ;;;;;;;
AT13;90600;90600;2019;20191231; 725.723 ; 22.851,39 ; 31.758 ;;;;;;;
AT13;90700;90700;2019;20191231; 1.209.783 ; 37.716,29 ; 32.076 ;;;;;;;
AT13;90800;90800;2019;20191231; 531.023 ; 21.116,44 ; 25.147 ;;;;;;;
AT13;90900;90900;2019;20191231; 597.528 ; 14.254,86 ; 41.918 ;;;;;;;
AT13;91000;91000;2019;20191231; 1.833.720 ; 8.917,56 ; 205.630 ;;;;;;;
AT13;91100;91100;2019;20191231; 302.556 ; 2.912,76 ; 103.873 ;;;;;;;
AT13;91200;91200;2019;20191231; 230.717 ; 2.372,84 ; 97.233 ;;;;;;;
AT13;91300;91300;2019;20191231; 289.729 ; 5.379,20 ; 53.861 ;;;;;;;
AT13;91400;91400;2019;20191231; 481.295 ; 5.158,53 ; 93.301 ;;;;;;;
AT13;91500;91500;2019;20191231; 976.028 ; 12.645,43 ; 77.184 ;;;;;;;
AT13;91600;91600;2019;20191231; 232.769 ; 2.250,19 ; 103.444 ;;;;;;;
AT13;91700;91700;2019;20191231; 349.897 ; 6.128,77 ; 57.091 ;;;;;;;
AT13;91800;91800;2019;20191231; 26.310 ; 511,25 ; 51.462 ;;;;;;;
AT13;91900;91900;2019;20191231; 205.745 ; 2.803,03 ; 73.401 ;;;;;;;
AT13;92000;92000;2019;20191231; 314.415 ; 3.636,05 ; 86.472 ;;;;;;;
AT13;92100;92100;2019;20191231; 55.738 ; 334,52 ; 166.620 ;;;;;;;
AT13;92200;92200;2019;20191231; 699.926 ; 3.628,82 ; 192.880 ;;;;;;;
AT13;92300;92300;2019;20191231; 75.154 ; 693,41 ; 108.383 ;;;;;;;
AT13;90000;90000;2020;20201231; 4.590.272 ; 2.396,81 ; 1.915.155 ;;;;;;;
AT13;90100;90100;2020;20201231; 821.599 ; 51.680,21 ; 15.898 ;;;;;;;
AT13;90200;90200;2020;20201231; 506.608 ; 4.799,12 ; 105.563 ;;;;;;;
AT13;90300;90300;2020;20201231; 421.358 ; 4.562,25 ; 92.358 ;;;;;;;
AT13;90400;90400;2020;20201231; 203.349 ; 6.150,98 ; 33.060 ;;;;;;;
AT13;90500;90500;2020;20201231; 114.716 ; 2.089,92 ; 54.890 ;;;;;;;
AT13;90600;90600;2020;20201231; 186.240 ; 5.913,48 ; 31.494 ;;;;;;;
AT13;90700;90700;2020;20201231; 325.071 ; 10.218,34 ; 31.813 ;;;;;;;
AT13;90800;90800;2020;20201231; 136.822 ; 5.568,43 ; 24.571 ;;;;;;;
AT13;90900;90900;2020;20201231; 150.880 ; 3.611,99 ; 41.772 ;;;;;;;
AT13;91000;91000;2020;20201231; 556.688 ; 2.669,20 ; 208.560 ;;;;;;;
AT13;91100;91100;2020;20201231; 70.614 ; 675,03 ; 104.609 ;;;;;;;
AT13;91200;91200;2020;20201231; 46.554 ; 479,23 ; 97.143 ;;;;;;;
AT13;91300;91300;2020;20201231; 104.748 ; 1.939,69 ; 54.002 ;;;;;;;
AT13;91400;91400;2020;20201231; 130.433 ; 1.395,29 ; 93.481 ;;;;;;;
AT13;91500;91500;2020;20201231; 246.281 ; 3.222,06 ; 76.436 ;;;;;;;
AT13;91600;91600;2020;20201231; 75.707 ; 735,69 ; 102.906 ;;;;;;;
AT13;91700;91700;2020;20201231; 87.295 ; 1.537,16 ; 56.790 ;;;;;;;
AT13;91800;91800;2020;20201231; 8.930 ; 173,91 ; 51.349 ;;;;;;;
AT13;91900;91900;2020;20201231; 55.727 ; 754,62 ; 73.848 ;;;;;;;
AT13;92000;92000;2020;20201231; 76.287 ; 889,43 ; 85.770 ;;;;;;;
AT13;92100;92100;2020;20201231; 19.842 ; 116,30 ; 170.609 ;;;;;;;
AT13;92200;92200;2020;20201231; 223.317 ; 1.132,62 ; 197.168 ;;;;;;;
AT13;92300;92300;2020;20201231; 21.206 ; 190,93 ; 111.067 ;;;;;;;
AT13;90000;90000;2021;20211231; 4.996.746 ; 2.597,30 ; 1.923.822 ;;;;;;;
AT13;90100;90100;2021;20211231; 914.110 ; 57.807,96 ; 15.813 ;;;;;;;
AT13;90200;90200;2021;20211231; 722.179 ; 6.896,16 ; 104.722 ;;;;;;;
AT13;90300;90300;2021;20211231; 453.440 ; 4.854,91 ; 93.398 ;;;;;;;
AT13;90400;90400;2021;20211231; 162.363 ; 4.914,39 ; 33.038 ;;;;;;;
AT13;90500;90500;2021;20211231; 90.196 ; 1.670,30 ; 54.000 ;;;;;;;
AT13;90600;90600;2021;20211231; 196.773 ; 6.342,86 ; 31.023 ;;;;;;;
AT13;90700;90700;2021;20211231; 343.460 ; 10.915,23 ; 31.466 ;;;;;;;
AT13;90800;90800;2021;20211231; 144.887 ; 5.996,79 ; 24.161 ;;;;;;;
AT13;90900;90900;2021;20211231; 179.820 ; 4.333,25 ; 41.498 ;;;;;;;
AT13;91000;91000;2021;20211231; 583.612 ; 2.760,72 ; 211.399 ;;;;;;;
AT13;91100;91100;2021;20211231; 64.125 ; 608,30 ; 105.416 ;;;;;;;
AT13;91200;91200;2021;20211231; 35.550 ; 364,69 ; 97.480 ;;;;;;;
AT13;91300;91300;2021;20211231; 103.339 ; 1.919,47 ; 53.837 ;;;;;;;
AT13;91400;91400;2021;20211231; 135.562 ; 1.455,96 ; 93.109 ;;;;;;;
AT13;91500;91500;2021;20211231; 241.469 ; 3.180,51 ; 75.922 ;;;;;;;
AT13;91600;91600;2021;20211231; 73.775 ; 723,86 ; 101.920 ;;;;;;;
AT13;91700;91700;2021;20211231; 105.732 ; 1.882,01 ; 56.180 ;;;;;;;
AT13;91800;91800;2021;20211231; 11.167 ; 219,22 ; 50.941 ;;;;;;;
AT13;91900;91900;2021;20211231; 64.798 ; 877,16 ; 73.872 ;;;;;;;
AT13;92000;92000;2021;20211231; 97.679 ; 1.153,43 ; 84.685 ;;;;;;;
AT13;92100;92100;2021;20211231; 18.834 ; 106,96 ; 176.083 ;;;;;;;
AT13;92200;92200;2021;20211231; 238.408 ; 1.188,05 ; 200.671 ;;;;;;;
AT13;92300;92300;2021;20211231; 15.468 ; 136,66 ; 113.190 ;;;;;;;
AT13;90000;90000;2022;20221231; 13.204.666 ; 6.734,85 ; 1.960.647 ;;;;;;;
AT13;90100;90100;2022;20221231; 2.183.851 ; 134.223,57 ; 16.270 ;;;;;;;
AT13;90200;90200;2022;20221231; 1.799.919 ; 16.905,63 ; 106.469 ;;;;;;;
AT13;90300;90300;2022;20221231; 1.331.900 ; 13.928,33 ; 95.625 ;;;;;;;
AT13;90400;90400;2022;20221231; 461.717 ; 13.826,55 ; 33.394 ;;;;;;;
AT13;90500;90500;2022;20221231; 370.014 ; 6.806,53 ; 54.362 ;;;;;;;
AT13;90600;90600;2022;20221231; 588.903 ; 18.796,40 ; 31.331 ;;;;;;;
AT13;90700;90700;2022;20221231; 918.924 ; 29.149,63 ; 31.524 ;;;;;;;
AT13;90800;90800;2022;20221231; 427.284 ; 17.467,34 ; 24.462 ;;;;;;;
AT13;90900;90900;2022;20221231; 457.626 ; 10.909,49 ; 41.948 ;;;;;;;
AT13;91000;91000;2022;20221231; 1.584.634 ; 7.345,26 ; 215.736 ;;;;;;;
AT13;91100;91100;2022;20221231; 156.137 ; 1.449,63 ; 107.708 ;;;;;;;
AT13;91200;91200;2022;20221231; 103.429 ; 1.042,58 ; 99.205 ;;;;;;;
AT13;91300;91300;2022;20221231; 182.733 ; 3.312,59 ; 55.163 ;;;;;;;
AT13;91400;91400;2022;20221231; 252.714 ; 2.660,10 ; 95.002 ;;;;;;;
AT13;91500;91500;2022;20221231; 901.854 ; 11.903,19 ; 75.766 ;;;;;;;
AT13;91600;91600;2022;20221231; 172.833 ; 1.691,75 ; 102.163 ;;;;;;;
AT13;91700;91700;2022;20221231; 191.590 ; 3.411,30 ; 56.163 ;;;;;;;
AT13;91800;91800;2022;20221231; 38.525 ; 749,47 ; 51.403 ;;;;;;;
AT13;91900;91900;2022;20221231; 151.041 ; 2.013,44 ; 75.016 ;;;;;;;
AT13;92000;92000;2022;20221231; 323.075 ; 3.799,99 ; 85.020 ;;;;;;;
AT13;92100;92100;2022;20221231; 81.096 ; 446,65 ; 181.565 ;;;;;;;
AT13;92200;92200;2022;20221231; 478.990 ; 2.297,16 ; 208.514 ;;;;;;;
AT13;92300;92300;2022;20221231; 45.877 ; 392,65 ; 116.840 ;;;;;;;
AT13;90000;90000;2023;20231231; 17.261.126 ; 8.660,22 ; 1.993.150 ;;;;;;;
AT13;90100;90100;2023;20231231; 2.679.576 ; 161.556,49 ; 16.586 ;;;;;;;
AT13;90200;90200;2023;20231231; 2.215.031 ; 20.313,37 ; 109.043 ;;;;;;;
AT13;90300;90300;2023;20231231; 1.784.439 ; 18.260,73 ; 97.720 ;;;;;;;
AT13;90400;90400;2023;20231231; 581.678 ; 17.422,81 ; 33.386 ;;;;;;;
AT13;90500;90500;2023;20231231; 590.129 ; 10.769,96 ; 54.794 ;;;;;;;
AT13;90600;90600;2023;20231231; 736.467 ; 23.467,07 ; 31.383 ;;;;;;;
AT13;90700;90700;2023;20231231; 1.044.342 ; 33.050,89 ; 31.598 ;;;;;;;
AT13;90800;90800;2023;20231231; 507.929 ; 20.775,89 ; 24.448 ;;;;;;;
AT13;90900;90900;2023;20231231; 629.639 ; 15.029,34 ; 41.894 ;;;;;;;
AT13;91000;91000;2023;20231231; 2.203.529 ; 10.050,03 ; 219.256 ;;;;;;;
AT13;91100;91100;2023;20231231; 220.261 ; 2.009,85 ; 109.591 ;;;;;;;
AT13;91200;91200;2023;20231231; 278.665 ; 2.757,18 ; 101.069 ;;;;;;;
AT13;91300;91300;2023;20231231; 215.592 ; 3.883,98 ; 55.508 ;;;;;;;
AT13;91400;91400;2023;20231231; 331.102 ; 3.393,76 ; 97.562 ;;;;;;;
AT13;91500;91500;2023;20231231; 1.211.379 ; 15.901,74 ; 76.179 ;;;;;;;
AT13;91600;91600;2023;20231231; 245.349 ; 2.386,94 ; 102.788 ;;;;;;;
AT13;91700;91700;2023;20231231; 318.523 ; 5.660,01 ; 56.276 ;;;;;;;
AT13;91800;91800;2023;20231231; 68.220 ; 1.326,26 ; 51.438 ;;;;;;;
AT13;91900;91900;2023;20231231; 194.552 ; 2.579,17 ; 75.432 ;;;;;;;
AT13;92000;92000;2023;20231231; 424.051 ; 4.917,73 ; 86.229 ;;;;;;;
AT13;92100;92100;2023;20231231; 91.948 ; 496,72 ; 185.110 ;;;;;;;
AT13;92200;92200;2023;20231231; 630.957 ; 2.914,88 ; 216.461 ;;;;;;;
AT13;92300;92300;2023;20231231; 57.768 ; 483,81 ; 119.402 ;;;;;;;
AT13;90000;90000;2024;20241231; 18.864.964 ; 9.405,39 ; 2.005.760 ;;;;;;;
AT13;90100;90100;2024;20241231; 2.673.870 ; 161.680,37 ; 16.538 ;;;;;;;
AT13;90200;90200;2024;20241231; 2.409.761 ; 21.887,02 ; 110.100 ;;;;;;;
AT13;90300;90300;2024;20241231; 2.151.408 ; 21.864,35 ; 98.398 ;;;;;;;
AT13;90400;90400;2024;20241231; 540.895 ; 16.314,13 ; 33.155 ;;;;;;;
AT13;90500;90500;2024;20241231; 619.591 ; 11.389,54 ; 54.400 ;;;;;;;
AT13;90600;90600;2024;20241231; 764.136 ; 24.346,40 ; 31.386 ;;;;;;;
AT13;90700;90700;2024;20241231; 1.077.448 ; 34.190,59 ; 31.513 ;;;;;;;
AT13;90800;90800;2024;20241231; 517.821 ; 21.136,41 ; 24.499 ;;;;;;;
AT13;90900;90900;2024;20241231; 643.312 ; 15.452,72 ; 41.631 ;;;;;;;
AT13;91000;91000;2024;20241231; 2.436.464 ; 11.058,55 ; 220.324 ;;;;;;;
AT13;91100;91100;2024;20241231; 273.013 ; 2.469,39 ; 110.559 ;;;;;;;
AT13;91200;91200;2024;20241231; 533.936 ; 5.249,39 ; 101.714 ;;;;;;;
AT13;91300;91300;2024;20241231; 217.654 ; 3.921,34 ; 55.505 ;;;;;;;
AT13;91400;91400;2024;20241231; 318.690 ; 3.246,61 ; 98.161 ;;;;;;;
AT13;91500;91500;2024;20241231; 1.352.432 ; 17.706,39 ; 76.381 ;;;;;;;
AT13;91600;91600;2024;20241231; 267.368 ; 2.601,62 ; 102.770 ;;;;;;;
AT13;91700;91700;2024;20241231; 343.315 ; 6.058,04 ; 56.671 ;;;;;;;
AT13;91800;91800;2024;20241231; 59.454 ; 1.156,81 ; 51.395 ;;;;;;;
AT13;91900;91900;2024;20241231; 197.448 ; 2.618,67 ; 75.400 ;;;;;;;
AT13;92000;92000;2024;20241231; 444.007 ; 5.107,64 ; 86.930 ;;;;;;;
AT13;92100;92100;2024;20241231; 149.878 ; 804,79 ; 186.233 ;;;;;;;
AT13;92200;92200;2024;20241231; 801.120 ; 3.628,36 ; 220.794 ;;;;;;;
AT13;92300;92300;2024;20241231; 71.943 ; 593,09 ; 121.303 ;;;;;;;
